{
"frames": {
	"bkg.jpg": {
		"frame": {"x":0, "y":0, "w":630, "h":410},
		"spriteSourceSize": {"x":0,"y":0,"w":630,"h":410},
		"sourceSize": {"w":630,"h":410}
	},
	"fish.1.png": {
		"frame": {"x":513, "y":488, "w":193, "h":94},
		"spriteSourceSize": {"x":0,"y":0,"w":193,"h":94},
		"sourceSize": {"w":193,"h":94}
	},
	"fish.2.png": {
		"frame": {"x":513, "y":411, "w":209, "h":76},
		"spriteSourceSize": {"x":0,"y":0,"w":209,"h":76},
		"sourceSize": {"w":209,"h":76}
	},
	"fish.3.png": {
		"frame": {"x":513, "y":689, "w":148, "h":93},
		"spriteSourceSize": {"x":0,"y":0,"w":148,"h":93},
		"sourceSize": {"w":148,"h":93}
	},
	"fish.4.png": {
		"frame": {"x":513, "y":583, "w":177, "h":105},
		"spriteSourceSize": {"x":0,"y":0,"w":177,"h":105},
		"sourceSize": {"w":177,"h":105}
	},
	"overlay.png": {
		"frame": {"x":0, "y":411, "w":512, "h":512},
		"spriteSourceSize": {"x":0,"y":0,"w":512,"h":512},
		"sourceSize": {"w":512,"h":512}
	}

},
"meta": {
	"image": "misc.png",
	"size": {"w": 723, "h": 924},
	"scale": "1"
}
}